Theta,           15deg,      30deg,      45deg,      60deg,      75deg,      90deg
OASPL,          131.44,     137.48,     136.71,     133.56,     133.17,     129.24
    976.56,      80.02,      80.17,      78.73,      76.23,      75.65,      74.74
   1025.39,      80.37,      80.75,      79.25,      76.95,      73.86,      72.66
   1074.22,      80.89,      81.45,      80.12,      77.31,      73.50,      71.87
   1123.05,      81.39,      82.08,      80.62,      78.13,      75.06,      70.76
   1171.88,      81.64,      83.14,      80.67,      78.13,      77.58,      71.32
   1220.70,      81.56,      83.27,      81.20,      78.42,      78.07,      72.47
   1269.53,      82.28,      84.14,      80.74,      77.67,      77.63,      73.82
   1318.36,      83.00,      84.25,      80.59,      76.67,      77.10,      74.80
   1367.19,      83.64,      84.13,      80.35,      75.75,      76.73,      74.85
   1416.02,      84.21,      83.84,      79.99,      74.97,      76.64,      75.06
   1464.84,      84.37,      84.15,      80.68,      73.92,      76.02,      76.15
   1513.67,      83.60,      85.25,      81.43,      74.56,      75.23,      76.68
   1562.50,      83.77,      86.01,      81.81,      75.02,      75.22,      76.86
   1611.33,      84.09,      86.14,      81.56,      75.61,      75.58,      75.94
   1660.16,      84.26,      86.35,      81.67,      76.59,      76.22,      74.71
   1708.98,      84.59,      86.78,      81.64,      77.36,      76.94,      73.97
   1757.81,      85.10,      87.42,      82.16,      77.55,      77.23,      74.83
   1806.64,      85.53,      87.72,      81.85,      76.10,      76.87,      75.53
   1855.47,      85.93,      87.78,      81.88,      75.49,      75.89,      75.86
   1904.30,      85.85,      87.46,      82.39,      75.87,      76.32,      76.75
   1953.12,      85.83,      88.52,      82.50,      75.63,      76.14,      77.25
   2001.95,      86.35,      88.55,      83.00,      76.23,      75.97,      76.56
   2050.78,      86.62,      88.64,      83.58,      75.96,      76.32,      75.77
   2099.61,      86.89,      89.32,      83.58,      76.70,      76.96,      74.99
   2148.44,      86.91,      89.26,      83.57,      76.28,      77.62,      74.39
   2197.27,      86.55,      89.57,      83.09,      76.89,      77.21,      74.52
   2246.09,      86.57,      89.65,      83.11,      77.67,      76.70,      73.84
   2294.92,      87.03,      89.90,      83.11,      77.79,      76.06,      73.86
   2343.75,      87.19,      89.86,      83.39,      77.07,      76.05,      74.34
   2392.58,      86.99,      90.47,      83.75,      76.21,      75.78,      73.82
   2441.41,      87.36,      90.86,      84.24,      76.55,      75.90,      72.94
   2490.23,      87.29,      91.00,      84.37,      76.80,      77.33,      72.31
   2539.06,      86.70,      91.21,      84.42,      77.02,      77.61,      71.31
   2587.89,      86.63,      91.59,      84.52,      77.67,      76.97,      71.36
   2636.72,      86.30,      91.58,      84.49,      77.65,      77.02,      73.32
   2685.55,      86.40,      91.83,      85.02,      78.01,      77.05,      73.95
   2734.38,      87.09,      92.38,      85.16,      77.69,      77.34,      74.45
   2783.20,      87.23,      92.75,      85.22,      77.09,      76.72,      74.53
   2832.03,      87.86,      92.98,      85.63,      77.26,      76.21,      72.89
   2880.86,      87.99,      93.05,      85.69,      77.56,      75.88,      73.55
   2929.69,      87.68,      93.16,      85.80,      77.70,      75.62,      74.20
   2978.52,      87.48,      93.19,      86.05,      77.40,      76.29,      74.99
   3027.34,      87.56,      93.37,      85.96,      77.25,      77.24,      76.45
   3076.17,      87.57,      93.21,      86.09,      77.66,      77.09,      76.77
   3125.00,      87.53,      93.37,      86.53,      77.94,      76.90,      76.57
   3173.83,      87.26,      93.95,      86.36,      78.03,      77.35,      76.20
   3222.66,      87.22,      93.51,      86.84,      78.65,      77.50,      75.56
   3271.48,      87.44,      93.73,      86.77,      78.76,      78.55,      75.37
   3320.31,      86.62,      93.64,      86.91,      78.85,      79.83,      75.45
   3369.14,      86.11,      93.46,      87.19,      79.48,      79.77,      75.75
   3417.97,      85.79,      94.25,      87.25,      79.91,      80.15,      76.32
   3466.80,      85.35,      94.65,      87.53,      79.84,      79.99,      76.78
   3515.62,      85.86,      94.95,      87.79,      79.63,      79.14,      77.14
   3564.45,      86.21,      94.88,      87.60,      80.30,      79.15,      77.56
   3613.28,      86.37,      94.83,      87.68,      80.47,      79.38,      78.02
   3662.11,      86.70,      95.26,      87.69,      80.79,      79.87,      78.02
   3710.94,      87.10,      95.42,      87.67,      80.28,      80.01,      78.15
   3759.77,      87.04,      95.30,      88.60,      80.08,      79.85,      78.26
   3808.59,      86.87,      95.18,      88.41,      80.49,      79.85,      78.51
   3857.42,      87.11,      95.07,      87.92,      80.15,      79.47,      78.32
   3906.25,      86.90,      95.14,      88.29,      80.03,      80.00,      78.20
   3955.08,      86.18,      94.92,      88.70,      80.22,      81.04,      77.78
   4003.91,      86.15,      95.41,      88.89,      80.29,      81.01,      77.44
   4052.73,      85.81,      95.40,      88.84,      81.04,      80.39,      77.33
   4101.56,      85.83,      95.17,      88.76,      80.91,      79.77,      78.03
   4150.39,      86.23,      95.37,      88.79,      81.14,      80.45,      77.41
   4199.22,      86.08,      95.47,      88.64,      80.92,      81.07,      77.91
   4248.05,      85.35,      95.62,      89.46,      81.24,      81.58,      77.22
   4296.88,      85.22,      96.03,      89.76,      81.49,      82.11,      76.84
   4345.70,      85.39,      95.89,      89.71,      81.39,      81.98,      77.24
   4394.53,      85.46,      96.06,      89.97,      82.08,      82.14,      77.41
   4443.36,      86.06,      96.25,      90.06,      82.76,      82.54,      77.88
   4492.19,      85.96,      96.56,      90.03,      82.92,      82.92,      78.63
   4541.02,      85.90,      96.42,      90.29,      82.79,      83.08,      79.11
   4589.84,      86.15,      96.43,      90.74,      82.47,      81.83,      78.21
   4638.67,      86.13,      96.59,      90.56,      83.07,      81.91,      77.27
   4687.50,      86.44,      96.37,      90.52,      82.67,      82.19,      77.62
   4736.33,      86.57,      95.90,      90.75,      81.60,      81.55,      77.55
   4785.16,      86.24,      95.95,      90.65,      82.36,      81.83,      77.98
   4833.98,      86.23,      95.75,      90.73,      81.97,      82.28,      79.19
   4882.81,      86.54,      95.80,      90.73,      81.81,      82.54,      79.51
   4931.64,      86.93,      95.79,      90.79,      82.39,      82.36,      78.58
   4980.47,      87.09,      95.98,      90.75,      82.29,      81.80,      78.06
   5029.30,      86.81,      96.31,      91.08,      82.00,      82.04,      78.21
   5078.12,      86.57,      96.49,      91.33,      82.56,      82.43,      77.95
   5126.95,      86.38,      96.73,      91.40,      83.15,      83.02,      78.49
   5175.78,      86.43,      96.69,      91.88,      83.71,      83.16,      79.44
   5224.61,      86.51,      96.70,      92.23,      83.44,      83.00,      79.58
   5273.44,      86.32,      96.82,      92.11,      83.87,      82.69,      79.47
   5322.27,      85.97,      97.03,      91.96,      83.79,      82.72,      79.60
   5371.09,      85.92,      96.84,      91.43,      84.20,      83.15,      79.64
   5419.92,      85.69,      96.46,      91.40,      84.15,      82.92,      78.83
   5468.75,      85.62,      96.34,      91.94,      83.72,      82.85,      79.21
   5517.58,      85.83,      96.41,      91.72,      83.79,      83.27,      80.58
   5566.41,      86.10,      96.05,      91.57,      83.50,      82.62,      80.84
   5615.23,      85.98,      95.46,      92.03,      83.44,      83.48,      81.16
   5664.06,      85.82,      95.40,      92.45,      84.31,      84.60,      81.44
   5712.89,      86.19,      95.81,      92.41,      83.77,      84.73,      81.28
   5761.72,      85.88,      95.90,      92.72,      84.14,      85.42,      81.66
   5810.55,      85.95,      95.72,      93.22,      84.46,      85.94,      82.74
   5859.38,      86.17,      96.11,      92.72,      83.80,      85.65,      84.24
   5908.20,      86.15,      96.61,      92.87,      84.57,      85.61,      84.35
   5957.03,      86.11,      96.88,      93.23,      84.89,      85.49,      83.55
   6005.86,      86.37,      96.96,      93.10,      85.03,      86.27,      83.18
   6054.69,      86.37,      96.65,      93.12,      85.00,      86.21,      82.72
   6103.52,      86.65,      96.24,      93.32,      85.75,      85.70,      81.69
   6152.34,      86.84,      96.46,      93.55,      85.91,      85.01,      79.64
   6201.17,      86.47,      96.54,      93.31,      85.16,      84.16,      78.55
   6250.00,      86.06,      96.35,      92.83,      85.49,      84.15,      79.13
   6298.83,      85.87,      96.41,      92.96,      85.31,      84.09,      79.05
   6347.66,      86.07,      96.38,      93.01,      85.07,      84.31,      79.80
   6396.48,      85.81,      95.91,      92.97,      85.27,      84.35,      81.17
   6445.31,      85.56,      95.54,      92.83,      85.09,      84.22,      81.05
   6494.14,      85.46,      95.44,      93.28,      85.53,      84.62,      79.68
   6542.97,      85.63,      94.97,      93.53,      85.32,      84.62,      78.89
   6591.80,      85.07,      95.28,      93.68,      85.17,      84.90,      78.68
   6640.62,      85.03,      95.38,      94.03,      85.75,      85.64,      79.10
   6689.45,      84.83,      95.46,      94.21,      85.84,      85.32,      81.29
   6738.28,      85.58,      95.68,      95.01,      86.11,      85.17,      82.09
   6787.11,      85.88,      96.11,      95.24,      86.80,      85.17,      82.38
   6835.94,      85.80,      95.88,      95.00,      86.88,      85.29,      82.83
   6884.77,      86.09,      95.73,      94.34,      87.21,      85.68,      82.58
   6933.59,      86.71,      95.54,      94.61,      87.33,      86.43,      81.48
   6982.42,      86.55,      95.56,      94.45,      87.40,      86.42,      81.27
   7031.25,      86.29,      95.66,      94.29,      87.87,      86.19,      80.72
   7080.08,      86.81,      95.27,      94.15,      87.74,      86.16,      80.75
   7128.91,      87.05,      95.25,      94.03,      87.41,      86.51,      81.45
   7177.73,      86.75,      94.89,      93.52,      87.28,      86.51,      82.59
   7226.56,      86.57,      95.13,      93.75,      87.66,      86.77,      83.51
   7275.39,      86.59,      95.24,      94.38,      87.25,      87.55,      83.88
   7324.22,      85.86,      95.10,      94.70,      86.88,      87.84,      84.71
   7373.05,      85.54,      95.14,      94.67,      86.94,      88.00,      84.75
   7421.88,      85.26,      95.10,      94.89,      87.20,      88.85,      85.26
   7470.70,      85.18,      95.43,      95.25,      87.59,      89.93,      85.46
   7519.53,      84.91,      95.37,      95.25,      87.28,      89.28,      84.38
   7568.36,      85.36,      95.52,      95.17,      87.10,      88.70,      84.48
   7617.19,      85.37,      95.43,      95.36,      87.22,      88.38,      85.46
   7666.02,      85.18,      95.37,      94.76,      87.28,      87.68,      85.96
   7714.84,      86.01,      95.61,      94.29,      87.84,      86.78,      85.74
   7763.67,      86.19,      95.30,      94.48,      87.87,      87.15,      85.50
   7812.50,      86.69,      94.96,      94.56,      87.88,      86.66,      84.25
   7861.33,      87.23,      94.96,      94.00,      87.83,      86.17,      83.23
   7910.16,      87.21,      94.73,      93.37,      87.33,      86.23,      81.69
   7958.98,      86.91,      94.61,      94.01,      87.90,      85.96,      80.55
   8007.81,      86.86,      94.29,      94.00,      87.57,      85.24,      82.29
   8056.64,      86.21,      94.38,      94.11,      87.80,      85.34,      83.83
   8105.47,      86.33,      94.32,      94.65,      88.83,      86.48,      84.88
   8154.30,      86.67,      94.44,      95.03,      88.60,      87.10,      85.45
   8203.12,      86.34,      94.40,      95.51,      88.70,      87.72,      85.09
   8251.95,      85.75,      94.62,      95.46,      88.55,      87.98,      83.92
   8300.78,      85.77,      94.70,      95.74,      88.92,      87.86,      82.69
   8349.61,      85.48,      94.94,      96.38,      89.77,      87.96,      82.76
   8398.44,      85.69,      95.48,      96.67,      89.17,      88.14,      83.56
   8447.27,      86.19,      95.37,      96.52,      89.88,      88.56,      84.21
   8496.09,      86.19,      95.23,      96.21,      89.67,      88.95,      85.11
   8544.92,      86.67,      95.39,      96.04,      88.82,      89.07,      85.93
   8593.75,      86.79,      95.09,      96.20,      89.15,      89.75,      85.60
   8642.58,      86.99,      95.43,      96.59,      88.79,      89.56,      84.77
   8691.41,      87.63,      95.46,      95.84,      88.49,      88.90,      85.09
   8740.23,      87.89,      95.24,      95.73,      87.94,      88.23,      83.88
   8789.06,      87.91,      95.18,      96.11,      87.82,      88.66,      83.18
   8837.89,      88.26,      94.68,      95.86,      88.67,      88.78,      83.80
   8886.72,      88.07,      94.49,      95.87,      88.48,      88.54,      84.58
   8935.55,      88.02,      94.54,      95.96,      88.92,      88.68,      85.93
   8984.38,      88.32,      94.58,      95.63,      88.98,      88.83,      86.53
   9033.20,      87.70,      94.63,      96.08,      88.78,      88.94,      86.99
   9082.03,      86.75,      94.67,      96.23,      89.02,      89.10,      87.08
   9130.86,      86.15,      95.08,      96.23,      89.05,      89.31,      86.56
   9179.69,      85.72,      94.80,      95.66,      89.30,      89.50,      87.10
   9228.52,      85.40,      94.63,      95.56,      89.24,      88.39,      86.94
   9277.34,      85.04,      94.33,      95.43,      89.80,      87.94,      86.68
   9326.17,      84.72,      94.48,      95.50,      90.00,      88.36,      85.99
   9375.00,      84.76,      94.52,      95.28,      89.52,      88.13,      86.85
   9423.83,      85.27,      94.58,      95.35,      89.70,      88.69,      87.36
   9472.66,      85.62,      94.46,      95.46,      89.58,      88.53,      87.83
   9521.48,      86.36,      94.18,      95.66,      89.27,      87.78,      88.24
   9570.31,      87.17,      94.10,      96.07,      89.07,      87.16,      87.48
   9619.14,      87.75,      94.35,      96.16,      88.64,      86.93,      86.00
   9667.97,      88.17,      94.78,      96.07,      89.30,      87.94,      84.65
   9716.80,      88.48,      94.85,      96.42,      89.42,      88.21,      86.31
   9765.62,      88.77,      94.91,      96.66,      89.18,      88.23,      88.27
   9814.45,      89.29,      95.32,      96.74,      89.29,      88.39,      89.05
   9863.28,      89.48,      95.27,      97.05,      89.21,      89.03,      89.37
   9912.11,      89.47,      95.14,      97.48,      89.69,      89.74,      88.94
   9960.94,      89.87,      95.94,      97.64,      90.05,      89.91,      88.46
  10009.77,      89.40,      96.19,      98.10,      90.18,      90.07,      88.23
  10058.59,      89.04,      96.11,      98.18,      90.17,      90.71,      87.81
  10107.42,      88.74,      96.23,      97.66,      89.78,      90.33,      87.96
  10156.25,      88.07,      95.92,      97.07,      90.05,      89.84,      87.71
  10205.08,      87.37,      95.40,      96.68,      90.12,      89.93,      87.66
  10253.91,      86.86,      95.02,      95.89,      89.98,      89.13,      86.88
  10302.73,      86.49,      94.54,      95.36,      90.16,      89.39,      85.26
  10351.56,      86.43,      94.25,      95.01,      89.92,      88.91,      85.17
  10400.39,      86.63,      93.99,      94.89,      89.72,      88.50,      85.47
  10449.22,      86.97,      93.51,      94.55,      89.87,      88.15,      84.89
  10498.05,      87.06,      94.04,      94.35,      89.59,      87.92,      83.92
  10546.88,      86.95,      94.10,      94.23,      89.76,      88.14,      83.91
  10595.70,      87.56,      93.76,      94.27,      89.63,      88.60,      85.11
  10644.53,      87.54,      93.98,      94.46,      89.49,      88.53,      85.95
  10693.36,      86.86,      94.08,      94.99,      89.93,      88.97,      86.09
  10742.19,      86.77,      94.08,      95.18,      89.95,      88.88,      85.06
  10791.02,      87.19,      94.21,      95.47,      90.17,      89.13,      84.96
  10839.84,      87.46,      94.35,      96.03,      89.99,      89.93,      85.77
  10888.67,      87.42,      94.49,      96.56,      90.31,      90.06,      86.57
  10937.50,      87.41,      94.71,      96.76,      90.85,      89.50,      87.95
  10986.33,      86.90,      95.18,      96.72,      90.93,      88.97,      88.42
  11035.16,      87.10,      94.85,      96.75,      91.32,      88.46,      88.54
  11083.98,      87.24,      94.82,      96.53,      91.05,      88.16,      88.32
  11132.81,      87.48,      94.87,      96.15,      91.10,      88.84,      87.66
  11181.64,      87.66,      94.68,      95.82,      90.94,      89.45,      87.45
  11230.47,      87.84,      94.68,      96.06,      91.11,      89.33,      87.58
  11279.30,      87.96,      94.65,      95.83,      91.53,      89.32,      87.58
  11328.12,      88.10,      94.26,      95.33,      90.81,      88.90,      87.62
  11376.95,      88.37,      94.24,      95.00,      90.56,      88.39,      86.65
  11425.78,      88.46,      94.48,      94.82,      90.52,      88.26,      86.50
  11474.61,      88.61,      94.74,      94.79,      90.28,      88.69,      86.58
  11523.44,      88.61,      94.63,      94.89,      90.31,      89.14,      86.27
  11572.27,      88.97,      94.11,      94.69,      90.08,      88.90,      85.55
  11621.09,      88.81,      93.69,      94.79,      89.84,      89.32,      84.79
  11669.92,      88.98,      94.09,      94.97,      89.97,      89.34,      84.68
  11718.75,      88.63,      94.48,      94.44,      90.02,      89.47,      85.02
  11767.58,      88.20,      94.07,      94.28,      90.28,      89.78,      85.98
  11816.41,      88.05,      93.39,      94.32,      90.32,      90.01,      86.26
  11865.23,      87.68,      93.20,      94.06,      90.27,      89.95,      85.79
  11914.06,      87.14,      93.29,      94.36,      90.00,      89.90,      84.94
  11962.89,      86.57,      93.64,      94.30,      89.64,      90.22,      83.85
  12011.72,      86.30,      93.69,      94.44,      89.90,      90.28,      84.41
  12060.55,      85.95,      93.49,      94.34,      90.50,      90.55,      84.69
  12109.38,      85.51,      93.35,      94.43,      90.81,      90.30,      85.25
  12158.20,      85.58,      93.18,      94.34,      91.04,      89.90,      85.70
  12207.03,      86.08,      93.22,      94.00,      91.20,      89.64,      86.07
  12255.86,      86.25,      93.02,      94.04,      91.27,      89.65,      86.04
  12304.69,      86.49,      93.09,      94.46,      91.14,      89.41,      85.30
  12353.52,      86.95,      93.46,      94.39,      91.13,      89.48,      84.53
  12402.34,      87.44,      93.70,      93.83,      91.63,      89.59,      84.48
  12451.17,      87.69,      93.66,      94.28,      91.63,      89.45,      84.23
  12500.00,      88.13,      94.06,      94.24,      91.61,      89.74,      83.81
  12548.83,      88.54,      93.91,      94.04,      91.79,      89.49,      84.11
  12597.66,      88.46,      93.74,      94.18,      91.54,      89.51,      84.91
  12646.48,      88.98,      94.18,      94.16,      91.18,      89.63,      85.87
  12695.31,      89.47,      94.19,      94.17,      90.98,      90.05,      86.28
  12744.14,      89.20,      93.87,      94.12,      90.90,      90.47,      86.54
  12792.97,      89.11,      93.90,      94.58,      90.62,      90.37,      86.33
  12841.80,      89.04,      94.21,      94.70,      90.68,      91.09,      85.59
  12890.62,      88.88,      94.60,      94.96,      90.66,      91.25,      85.47
  12939.45,      88.92,      94.38,      94.52,      90.62,      90.86,      86.27
  12988.28,      89.00,      94.22,      94.27,      90.86,      90.89,      86.31
  13037.11,      88.77,      94.33,      94.17,      90.59,      90.93,      86.70
  13085.94,      88.43,      93.78,      94.03,      90.22,      91.53,      87.02
  13134.77,      88.43,      93.77,      94.09,      90.36,      91.34,      86.95
  13183.59,      88.25,      93.61,      93.89,      90.47,      90.93,      86.77
  13232.42,      87.71,      93.27,      93.52,      90.74,      91.07,      85.89
  13281.25,      87.25,      93.11,      93.55,      91.03,      90.98,      85.18
  13330.08,      87.32,      93.25,      93.34,      90.69,      90.44,      83.83
  13378.91,      87.10,      92.90,      93.07,      91.09,      90.01,      83.38
  13427.73,      86.90,      92.65,      92.95,      90.83,      90.03,      83.70
  13476.56,      86.66,      92.74,      93.11,      90.98,      90.04,      84.55
  13525.39,      86.85,      92.87,      93.14,      91.06,      89.53,      85.30
  13574.22,      86.64,      92.71,      92.90,      91.31,      89.38,      85.92
  13623.05,      86.12,      92.71,      92.93,      91.26,      89.35,      85.34
  13671.88,      86.17,      92.88,      92.94,      90.51,      89.21,      84.72
  13720.70,      86.38,      92.84,      92.64,      90.57,      88.67,      83.99
  13769.53,      86.71,      92.51,      92.82,      90.72,      89.18,      83.36
  13818.36,      86.84,      92.95,      92.91,      90.37,      89.59,      83.23
  13867.19,      86.74,      93.19,      92.63,      90.41,      89.34,      83.80
  13916.02,      86.80,      93.12,      92.78,      90.26,      89.28,      84.46
  13964.84,      87.00,      93.20,      92.56,      90.50,      89.46,      84.87
  14013.67,      87.39,      93.21,      92.54,      90.26,      89.44,      84.76
  14062.50,      87.82,      93.48,      92.57,      90.26,      89.69,      84.49
  14111.33,      88.28,      93.68,      92.73,      90.40,      90.22,      83.64
  14160.16,      88.51,      93.58,      92.99,      90.50,      90.16,      83.53
  14208.98,      88.83,      93.57,      92.80,      91.12,      90.36,      83.69
  14257.81,      88.89,      93.92,      92.81,      90.87,      90.28,      83.09
  14306.64,      88.91,      93.65,      92.83,      90.98,      90.38,      84.09
  14355.47,      88.87,      93.59,      92.99,      91.38,      90.63,      84.64
  14404.30,      88.99,      93.30,      93.04,      91.25,      91.02,      84.54
  14453.12,      89.24,      93.48,      92.60,      90.96,      90.88,      85.41
  14501.95,      88.87,      93.13,      92.49,      90.85,      90.45,      85.49
  14550.78,      88.07,      92.46,      92.59,      90.62,      90.18,      85.18
  14599.61,      88.14,      92.37,      92.32,      90.61,      90.11,      84.42
  14648.44,      87.87,      92.71,      92.22,      90.41,      89.97,      83.74
  14697.27,      87.18,      92.68,      92.04,      90.56,      89.57,      83.82
  14746.09,      87.09,      92.20,      92.02,      90.52,      89.34,      84.49
  14794.92,      86.77,      91.83,      91.95,      90.23,      89.28,      85.25
  14843.75,      86.83,      91.91,      91.74,      90.14,      88.86,      86.01
  14892.58,      86.83,      91.79,      91.52,      89.89,      88.84,      85.80
  14941.41,      86.70,      92.00,      91.62,      89.75,      89.05,      84.93
  14990.23,      86.87,      91.94,      91.18,      89.92,      89.25,      83.69
  15039.06,      86.57,      91.87,      90.77,      89.82,      89.21,      82.89
  15087.89,      86.37,      92.09,      91.17,      89.73,      88.83,      82.97
  15136.72,      86.56,      92.07,      91.21,      89.41,      88.89,      83.32
  15185.55,      86.49,      92.29,      91.43,      90.24,      89.52,      84.28
  15234.38,      86.00,      92.19,      91.50,      90.36,      89.66,      84.67
  15283.20,      86.09,      92.18,      91.67,      90.58,      89.58,      84.89
  15332.03,      86.38,      91.99,      91.73,      90.77,      89.39,      85.03
  15380.86,      86.61,      92.79,      91.28,      90.87,      89.01,      84.37
  15429.69,      87.48,      92.68,      91.09,      91.53,      89.06,      83.88
  15478.52,      87.83,      93.00,      91.37,      91.69,      89.66,      83.78
  15527.34,      87.95,      93.06,      91.62,      91.51,      89.76,      83.86
  15576.17,      88.26,      92.89,      91.58,      91.35,      90.14,      84.46
  15625.00,      88.64,      93.02,      91.88,      91.80,      90.54,      84.55
  15673.83,      89.44,      92.86,      91.73,      92.08,      90.42,      84.14
  15722.66,      89.85,      93.12,      92.14,      91.55,      90.27,      84.87
  15771.48,      89.63,      92.92,      92.02,      91.57,      90.40,      84.87
  15820.31,      89.05,      92.82,      91.65,      91.90,      90.72,      83.81
  15869.14,      88.78,      92.83,      91.35,      91.22,      90.95,      83.11
  15917.97,      88.57,      92.45,      90.72,      90.51,      90.89,      83.14
  15966.80,      87.86,      91.99,      90.45,      90.37,      90.77,      83.02
  16015.62,      87.48,      92.08,      90.35,      90.10,      90.51,      83.41
  16064.45,      87.45,      92.07,      90.45,      90.09,      90.59,      83.82
  16113.28,      87.41,      91.74,      90.71,      90.02,      90.48,      83.88
  16162.11,      87.15,      91.90,      90.41,      90.21,      90.06,      83.76
  16210.94,      86.59,      92.02,      90.49,      89.68,      89.47,      83.98
  16259.77,      86.27,      91.74,      90.59,      89.16,      89.21,      84.16
  16308.59,      85.79,      91.62,      90.58,      89.55,      89.29,      84.19
  16357.42,      85.93,      91.44,      90.38,      89.36,      89.22,      83.49
  16406.25,      86.15,      91.42,      90.33,      89.80,      88.82,      82.97
  16455.08,      86.17,      91.25,      90.31,      89.68,      88.69,      83.91
  16503.91,      85.78,      91.18,      90.42,      89.44,      88.80,      84.39
  16552.73,      85.77,      90.93,      90.26,      89.49,      88.85,      84.34
  16601.56,      86.46,      91.13,      90.05,      89.54,      88.59,      83.89
  16650.39,      86.58,      91.31,      90.30,      90.09,      88.56,      83.77
  16699.22,      86.60,      91.54,      90.18,      89.73,      88.77,      83.49
  16748.05,      86.60,      91.59,      90.29,      89.82,      89.05,      84.00
  16796.88,      86.92,      91.34,      90.47,      90.07,      88.92,      84.23
  16845.70,      87.01,      91.55,      90.51,      89.78,      89.46,      84.10
  16894.53,      87.00,      91.67,      90.48,      89.99,      89.60,      83.97
  16943.36,      86.90,      91.59,      90.41,      90.36,      89.32,      83.85
  16992.19,      87.05,      91.30,      90.32,      90.75,      89.23,      84.15
  17041.02,      86.99,      91.41,      90.53,      91.08,      89.18,      84.42
  17089.84,      86.94,      91.57,      90.58,      90.87,      89.55,      84.61
  17138.67,      87.15,      91.20,      90.27,      90.60,      89.71,      84.42
  17187.50,      87.33,      91.32,      90.10,      90.47,      89.95,      83.86
  17236.33,      87.62,      91.35,      90.13,      90.54,      89.67,      83.04
  17285.16,      87.71,      91.20,      90.18,      90.62,      89.86,      82.34
  17333.98,      87.34,      91.28,      90.15,      89.87,      89.83,      82.79
  17382.81,      87.15,      91.04,      89.82,      89.67,      89.82,      83.26
  17431.64,      86.96,      91.11,      89.68,      89.89,      89.89,      83.61
  17480.47,      87.07,      90.95,      89.86,      89.58,      89.76,      83.57
  17529.30,      87.21,      91.17,      90.32,      89.78,      89.66,      83.11
  17578.12,      87.22,      91.02,      90.11,      89.69,      89.78,      82.73
  17626.95,      87.26,      91.11,      90.01,      89.87,      89.70,      82.99
  17675.78,      87.00,      91.46,      89.66,      89.84,      89.97,      82.62
  17724.61,      87.05,      91.20,      89.70,      89.79,      89.82,      82.77
  17773.44,      86.85,      91.03,      90.05,      89.68,      89.51,      83.15
  17822.27,      86.47,      91.12,      89.87,      89.27,      89.11,      83.39
  17871.09,      86.38,      90.99,      89.57,      89.37,      89.18,      83.45
  17919.92,      86.05,      90.77,      90.00,      89.37,      89.00,      82.96
  17968.75,      85.86,      90.40,      89.76,      89.27,      89.03,      83.17
  18017.58,      86.01,      90.57,      89.56,      89.47,      89.05,      83.87
  18066.41,      86.00,      90.59,      89.66,      89.27,      88.86,      83.57
  18115.23,      85.67,      90.31,      89.85,      89.36,      89.01,      83.34
  18164.06,      85.78,      90.50,      89.83,      89.38,      89.08,      83.18
  18212.89,      85.78,      90.29,      90.16,      89.08,      88.95,      83.01
  18261.72,      85.89,      90.27,      90.07,      88.91,      89.44,      82.98
  18310.55,      85.89,      90.39,      89.79,      89.30,      89.52,      82.95
  18359.38,      86.32,      90.56,      89.86,      89.68,      89.44,      83.03
  18408.20,      86.43,      90.69,      90.15,      89.49,      89.12,      82.35
  18457.03,      86.62,      90.71,      90.09,      89.37,      89.44,      82.64
  18505.86,      86.75,      91.10,      89.88,      89.76,      89.68,      82.82
  18554.69,      86.98,      90.73,      89.62,      89.73,      89.62,      83.39
  18603.52,      87.05,      90.83,      89.60,      89.34,      89.63,      83.91
  18652.34,      86.93,      91.02,      89.69,      90.01,      89.52,      83.84
  18701.17,      86.79,      90.97,      89.73,      90.31,      89.47,      83.44
  18750.00,      86.94,      90.90,      89.53,      89.89,      89.31,      83.75
  18798.83,      86.98,      91.06,      89.28,      89.43,      89.39,      83.97
  18847.66,      86.83,      91.10,      89.11,      89.58,      89.37,      84.19
  18896.48,      86.61,      90.57,      89.31,      89.72,      89.23,      83.96
  18945.31,      86.77,      90.87,      89.36,      89.67,      89.38,      83.92
  18994.14,      86.76,      90.78,      89.61,      89.72,      89.04,      84.15
  19042.97,      86.14,      90.59,      89.66,      89.79,      88.91,      84.21
  19091.80,      86.21,      90.85,      89.51,      89.50,      89.32,      84.08
  19140.62,      86.47,      90.76,      90.00,      89.28,      89.65,      83.53
  19189.45,      86.72,      90.45,      89.87,      89.21,      89.57,      83.01
  19238.28,      86.47,      90.29,      89.80,      89.41,      89.36,      82.63
  19287.11,      86.40,      90.25,      90.07,      89.10,      88.80,      83.05
  19335.94,      86.38,      90.25,      89.83,      89.10,      88.68,      83.87
  19384.77,      86.55,      90.29,      89.60,      89.17,      89.06,      83.83
  19433.59,      86.32,      90.37,      89.52,      89.51,      89.29,      83.78
  19482.42,      86.49,      90.43,      89.33,      89.16,      88.70,      83.46
  19531.25,      86.40,      90.40,      89.19,      88.69,      88.58,      83.22
  19580.08,      86.28,      89.80,      88.82,      88.18,      89.08,      83.53
  19628.91,      86.02,      89.64,      88.65,      88.31,      88.99,      83.24
  19677.73,      85.86,      89.81,      88.96,      88.65,      89.13,      83.27
  19726.56,      86.03,      89.81,      88.88,      88.88,      89.18,      83.63
  19775.39,      86.01,      89.87,      89.27,      88.48,      89.01,      83.83
  19824.22,      85.47,      89.58,      89.47,      88.48,      88.74,      84.33
  19873.05,      85.05,      89.34,      89.46,      88.58,      89.14,      84.49
  19921.88,      85.08,      89.73,      88.88,      88.73,      89.51,      84.40
  19970.70,      85.32,      89.57,      89.10,      88.56,      89.13,      84.28
  20019.53,      85.78,      89.79,      89.35,      88.50,      88.95,      83.39
  20068.36,      85.61,      89.60,      89.56,      88.77,      88.74,      82.59
  20117.19,      85.93,      90.19,      89.59,      89.29,      88.80,      82.19
  20166.02,      86.38,      90.18,      89.32,      89.14,      88.61,      82.61
  20214.84,      86.19,      90.14,      89.15,      88.85,      88.75,      83.34
  20263.67,      85.97,      90.06,      88.98,      88.94,      88.78,      84.08
  20312.50,      86.57,      90.42,      89.20,      89.14,      88.67,      83.91
  20361.33,      87.07,      90.41,      89.34,      89.09,      88.30,      84.07
  20410.16,      86.66,      90.37,      89.16,      89.20,      88.34,      84.26
  20458.98,      86.46,      90.04,      88.94,      89.08,      88.48,      84.19
  20507.81,      86.57,      89.98,      88.85,      88.85,      88.61,      83.93
  20556.64,      86.40,      90.06,      88.94,      88.92,      88.49,      84.27
  20605.47,      86.19,      89.92,      89.29,      88.79,      88.63,      84.18
  20654.30,      86.22,      89.91,      89.00,      88.69,      88.65,      84.51
  20703.12,      85.94,      89.79,      89.10,      88.75,      88.65,      85.25
  20751.95,      86.04,      89.71,      89.32,      88.82,      88.79,      85.16
  20800.78,      85.70,      89.71,      89.46,      88.84,      89.20,      85.29
  20849.61,      85.56,      89.67,      89.36,      88.82,      88.95,      85.08
  20898.44,      85.78,      89.36,      89.51,      88.61,      88.62,      84.50
  20947.27,      85.98,      89.36,      89.16,      88.72,      88.38,      83.93
  20996.09,      85.97,      89.54,      89.48,      88.63,      88.08,      83.62
  21044.92,      85.74,      89.73,      89.29,      88.14,      88.02,      83.85
  21093.75,      85.57,      89.63,      89.02,      88.07,      88.30,      84.62
  21142.58,      85.86,      89.50,      89.20,      88.34,      88.60,      84.87
  21191.41,      85.56,      89.59,      88.85,      88.51,      88.52,      84.61
  21240.23,      85.38,      89.81,      88.79,      88.63,      88.80,      84.84
  21289.06,      85.71,      89.73,      88.84,      88.92,      89.02,      84.60
  21337.89,      85.59,      89.59,      88.70,      88.56,      89.09,      83.60
  21386.72,      85.37,      89.38,      88.68,      88.21,      88.85,      83.34
  21435.55,      85.77,      89.41,      88.77,      88.54,      88.78,      83.66
  21484.38,      85.72,      89.51,      88.81,      88.62,      88.60,      84.65
  21533.20,      85.42,      89.56,      89.02,      88.87,      88.29,      85.20
  21582.03,      85.75,      89.37,      88.88,      88.71,      88.15,      85.09
  21630.86,      85.54,      89.36,      89.07,      88.47,      87.80,      84.88
  21679.69,      85.65,      89.48,      88.93,      88.54,      88.23,      84.55
  21728.52,      85.68,      89.40,      88.90,      88.56,      88.60,      84.15
  21777.34,      85.85,      89.45,      88.74,      88.22,      88.18,      83.76
  21826.17,      85.77,      89.33,      88.70,      88.30,      88.07,      83.69
  21875.00,      85.95,      89.25,      88.99,      88.60,      87.83,      83.77
  21923.83,      86.08,      89.24,      89.14,      88.47,      87.49,      84.08
  21972.66,      86.03,      89.43,      89.07,      88.58,      87.68,      84.32
  22021.48,      85.86,      89.48,      88.90,      88.95,      87.59,      84.20
  22070.31,      85.57,      89.43,      88.47,      88.72,      87.84,      84.58
  22119.14,      85.39,      89.23,      88.50,      88.55,      87.99,      84.60
  22167.97,      85.37,      89.09,      88.50,      88.19,      88.01,      84.05
  22216.80,      85.56,      88.91,      88.60,      87.84,      88.14,      83.98
  22265.62,      85.52,      88.96,      88.82,      87.82,      88.02,      84.32
  22314.45,      85.37,      89.03,      88.63,      87.78,      88.14,      84.48
  22363.28,      85.41,      89.33,      89.01,      87.80,      88.45,      85.08
  22412.11,      85.62,      89.34,      88.74,      87.63,      88.66,      85.49
  22460.94,      85.38,      89.27,      88.89,      87.86,      88.95,      85.33
  22509.77,      85.43,      89.31,      89.08,      87.78,      88.65,      84.83
  22558.59,      85.49,      89.22,      89.00,      87.91,      88.33,      84.91
  22607.42,      85.42,      89.35,      88.95,      88.27,      88.37,      84.58
  22656.25,      85.27,      89.11,      88.97,      88.23,      88.31,      83.58
  22705.08,      85.31,      89.16,      88.93,      87.96,      88.27,      84.37
  22753.91,      85.46,      89.13,      88.80,      88.08,      88.04,      84.55
  22802.73,      85.72,      89.08,      89.09,      87.82,      87.80,      84.58
  22851.56,      85.77,      89.05,      88.65,      88.13,      87.91,      84.82
  22900.39,      85.82,      88.99,      88.70,      88.02,      87.91,      84.78
  22949.22,      85.58,      88.87,      88.34,      88.15,      87.89,      84.73
  22998.05,      85.41,      89.26,      87.84,      88.05,      87.89,      84.50
  23046.88,      85.63,      89.33,      88.18,      88.18,      87.53,      84.77
  23095.70,      85.23,      88.86,      88.53,      88.19,      87.55,      84.86
  23144.53,      85.11,      88.56,      88.68,      87.96,      87.73,      84.70
  23193.36,      85.03,      88.89,      88.90,      87.88,      87.97,      84.22
  23242.19,      85.08,      88.86,      88.84,      87.92,      87.94,      84.21
  23291.02,      84.89,      88.83,      88.92,      87.65,      87.77,      84.88
  23339.84,      85.05,      88.78,      88.88,      87.34,      87.87,      84.94
  23388.67,      85.04,      89.01,      89.03,      87.67,      87.89,      85.10
  23437.50,      85.21,      89.02,      89.34,      87.88,      87.71,      84.94
  23486.33,      85.67,      88.95,      89.35,      87.84,      87.28,      84.46
  23535.16,      85.45,      88.68,      89.07,      87.76,      87.50,      84.34
  23583.98,      85.37,      88.41,      88.57,      88.09,      87.82,      84.01
  23632.81,      85.30,      88.53,      88.90,      88.01,      87.38,      83.77
  23681.64,      85.37,      88.65,      88.89,      87.76,      87.23,      84.41
  23730.47,      85.54,      88.94,      88.40,      87.95,      87.53,      84.44
  23779.30,      85.79,      88.97,      88.34,      87.77,      87.75,      84.19
  23828.12,      85.49,      88.61,      88.43,      87.64,      87.92,      84.33
  23876.95,      85.33,      88.57,      88.57,      87.51,      88.05,      84.46
  23925.78,      85.47,      88.79,      88.64,      87.34,      88.18,      84.54
  23974.61,      85.15,      88.54,      88.64,      87.18,      87.85,      84.06
  24023.44,      84.72,      88.80,      88.54,      87.33,      87.76,      84.12
  24072.27,      84.82,      88.41,      88.61,      87.54,      88.03,      84.34
  24121.09,      84.89,      88.28,      88.61,      87.39,      87.76,      84.62
  24169.92,      85.06,      88.51,      88.58,      87.52,      87.61,      84.51
  24218.75,      84.64,      88.67,      88.54,      87.25,      87.38,      83.94
  24267.58,      84.72,      88.64,      88.43,      87.53,      87.28,      83.88
  24316.41,      84.90,      88.31,      88.14,      87.71,      87.13,      83.37
  24365.23,      85.15,      88.45,      88.34,      87.77,      87.20,      83.46
  24414.06,      84.98,      88.87,      88.27,      87.52,      87.40,      83.84
  24462.89,      85.36,      88.78,      88.68,      87.22,      87.24,      83.98
  24511.72,      85.13,      88.90,      88.39,      87.22,      87.28,      84.31
  24560.55,      85.09,      88.78,      88.28,      87.25,      87.47,      84.77
  24609.38,      85.49,      88.58,      88.38,      87.22,      87.28,      84.72
  24658.20,      85.37,      88.53,      88.34,      87.13,      87.09,      84.27
  24707.03,      85.25,      88.68,      88.29,      87.03,      87.13,      83.58
  24755.86,      84.83,      88.86,      88.42,      87.62,      86.91,      84.08
  24804.69,      84.85,      88.68,      88.34,      87.31,      87.01,      84.39
  24853.52,      84.75,      88.40,      88.58,      87.16,      87.49,      84.72
  24902.34,      84.71,      88.26,      88.26,      86.95,      87.63,      85.05
  24951.17,      84.80,      88.45,      88.50,      87.17,      87.48,      84.87
  25000.00,      84.62,      88.33,      88.55,      87.11,      87.28,      84.10
  25048.83,      84.12,      88.36,      88.45,      87.13,      87.20,      83.81
  25097.66,      84.08,      88.89,      88.51,      87.32,      87.00,      84.06
  25146.48,      84.44,      88.57,      88.37,      87.19,      86.82,      84.15
  25195.31,      84.38,      88.28,      88.36,      87.04,      86.95,      84.39
  25244.14,      84.48,      88.45,      88.27,      87.21,      87.30,      84.44
  25292.97,      84.65,      87.94,      88.17,      87.54,      87.21,      84.23
  25341.80,      84.71,      88.45,      88.03,      87.38,      87.17,      84.00
  25390.62,      84.71,      88.39,      88.20,      87.34,      87.37,      83.95
  25439.45,      84.76,      87.99,      88.16,      87.41,      86.90,      83.94
  25488.28,      84.85,      88.17,      88.24,      87.14,      87.25,      83.67
  25537.11,      84.82,      88.38,      88.57,      86.94,      87.26,      83.61
  25585.94,      84.59,      88.51,      88.34,      87.07,      87.04,      83.96
  25634.77,      84.54,      88.00,      88.33,      87.03,      87.11,      84.25
  25683.59,      84.48,      87.94,      88.49,      87.05,      87.19,      84.26
  25732.42,      84.33,      87.91,      88.22,      86.92,      87.34,      83.84
  25781.25,      84.41,      87.97,      88.28,      87.11,      87.50,      84.11
  25830.08,      84.63,      87.94,      88.40,      87.20,      86.81,      83.95
  25878.91,      84.24,      87.96,      88.46,      87.08,      86.79,      83.73
  25927.73,      84.08,      88.10,      88.13,      87.05,      87.03,      83.64
  25976.56,      84.17,      88.17,      88.39,      87.05,      86.96,      83.83
  26025.39,      84.07,      88.17,      88.32,      86.49,      86.79,      83.58
  26074.22,      84.05,      88.31,      88.04,      86.59,      86.99,      83.16
  26123.05,      84.18,      88.27,      87.94,      86.82,      86.86,      83.14
  26171.88,      84.29,      88.09,      88.24,      86.62,      86.79,      83.36
  26220.70,      84.44,      87.98,      87.75,      87.25,      86.56,      83.80
  26269.53,      84.52,      88.33,      87.63,      87.33,      86.71,      83.47
  26318.36,      84.71,      88.03,      87.84,      86.86,      86.91,      83.59
  26367.19,      84.67,      88.29,      88.13,      86.81,      86.95,      83.79
  26416.02,      84.76,      88.37,      88.08,      87.02,      87.05,      83.54
  26464.84,      84.55,      88.45,      88.16,      87.12,      86.89,      83.23
  26513.67,      84.38,      88.33,      87.99,      87.05,      86.76,      83.46
  26562.50,      84.35,      88.04,      88.22,      86.53,      86.42,      83.58
  26611.33,      84.18,      88.16,      88.00,      86.69,      86.74,      84.17
  26660.16,      84.15,      88.63,      88.20,      87.16,      87.01,      84.32
  26708.98,      84.16,      88.48,      88.23,      86.90,      87.01,      84.39
  26757.81,      84.28,      88.13,      88.14,      87.10,      86.82,      83.78
  26806.64,      84.20,      87.97,      88.07,      87.05,      86.97,      83.15
  26855.47,      84.38,      87.88,      88.09,      87.15,      86.81,      82.91
  26904.30,      84.23,      88.02,      87.96,      86.85,      86.44,      83.08
  26953.12,      84.34,      88.14,      87.48,      86.81,      86.84,      83.25
  27001.95,      84.37,      88.00,      87.62,      86.58,      86.60,      83.53
  27050.78,      84.19,      88.12,      87.69,      86.58,      86.44,      83.77
  27099.61,      84.10,      87.86,      87.76,      86.99,      86.58,      83.79
  27148.44,      84.11,      87.77,      87.87,      86.52,      86.48,      83.52
  27197.27,      84.12,      88.12,      87.85,      86.45,      86.10,      83.48
  27246.09,      84.31,      88.16,      87.85,      86.61,      86.36,      83.50
  27294.92,      84.12,      87.69,      87.81,      86.62,      86.65,      83.53
  27343.75,      84.27,      87.97,      87.95,      86.38,      86.69,      83.44
  27392.58,      84.54,      87.94,      88.17,      86.24,      86.78,      83.83
  27441.41,      84.60,      88.10,      88.33,      86.57,      86.57,      83.97
  27490.23,      84.32,      87.94,      88.04,      86.62,      86.38,      84.12
  27539.06,      84.17,      87.69,      88.04,      86.73,      86.51,      83.58
  27587.89,      84.26,      87.62,      87.70,      86.80,      86.27,      83.32
  27636.72,      84.04,      87.54,      87.79,      86.32,      86.43,      82.93
  27685.55,      84.05,      87.60,      88.18,      86.61,      86.21,      82.39
  27734.38,      84.30,      87.75,      88.25,      86.84,      86.27,      82.48
  27783.20,      84.51,      87.68,      87.99,      87.02,      86.84,      82.83
  27832.03,      84.10,      87.74,      87.81,      87.07,      86.89,      83.24
  27880.86,      83.77,      87.47,      87.89,      86.95,      86.74,      83.49
  27929.69,      83.22,      87.60,      87.94,      86.78,      86.70,      83.77
  27978.52,      83.69,      87.41,      87.81,      86.88,      86.70,      83.32
  28027.34,      83.82,      87.49,      87.94,      86.96,      86.76,      82.47
  28076.17,      83.63,      87.62,      87.93,      86.49,      86.86,      82.21
  28125.00,      83.78,      87.56,      87.69,      86.48,      86.71,      82.46
  28173.83,      84.52,      88.01,      88.00,      86.72,      86.53,      82.92
  28222.66,      84.02,      88.00,      87.94,      86.81,      86.78,      83.44
  28271.48,      83.86,      87.39,      87.73,      86.58,      86.78,      83.59
  28320.31,      83.94,      87.49,      88.00,      86.70,      86.64,      83.56
  28369.14,      83.82,      87.56,      88.26,      86.52,      86.58,      83.48
  28417.97,      84.00,      87.41,      87.66,      86.54,      86.55,      83.35
  28466.80,      83.81,      87.52,      87.36,      86.62,      86.38,      83.21
  28515.62,      83.91,      87.55,      87.65,      86.68,      86.79,      83.02
  28564.45,      84.08,      87.69,      87.71,      86.65,      86.54,      82.52
  28613.28,      84.13,      87.52,      87.31,      86.94,      86.40,      82.54
  28662.11,      83.80,      87.53,      87.21,      86.71,      86.03,      82.95
  28710.94,      83.43,      87.64,      87.20,      86.78,      86.24,      82.84
  28759.77,      83.45,      87.70,      87.42,      86.96,      86.44,      83.03
  28808.59,      83.61,      87.46,      87.28,      86.42,      86.12,      83.55
  28857.42,      83.49,      87.51,      87.49,      86.23,      86.17,      83.27
  28906.25,      83.55,      87.65,      87.43,      86.38,      86.74,      83.02
  28955.08,      83.52,      87.41,      87.31,      86.39,      86.51,      82.97
  29003.91,      82.99,      87.46,      87.46,      86.47,      86.12,      82.85
  29052.73,      83.48,      87.47,      87.41,      86.53,      86.20,      83.08
  29101.56,      84.10,      87.46,      87.44,      86.61,      86.12,      82.89
  29150.39,      83.96,      87.39,      87.61,      86.25,      86.22,      82.94
  29199.22,      83.68,      87.47,      87.52,      86.36,      86.41,      83.22
  29248.05,      83.85,      87.36,      87.62,      86.46,      86.62,      83.32
  29296.88,      83.59,      87.48,      87.71,      86.38,      86.67,      83.24
  29345.70,      83.47,      87.28,      87.63,      86.45,      86.14,      82.81
  29394.53,      83.69,      87.40,      87.40,      86.08,      86.37,      82.32
  29443.36,      83.55,      87.30,      87.51,      86.03,      86.53,      82.10
  29492.19,      83.55,      86.96,      87.44,      86.04,      86.25,      82.71
  29541.02,      83.44,      86.89,      87.27,      86.06,      86.36,      82.54
  29589.84,      83.15,      87.15,      87.44,      86.33,      86.31,      82.35
  29638.67,      83.10,      87.16,      87.10,      86.56,      86.30,      82.50
  29687.50,      82.93,      87.06,      87.04,      86.16,      86.48,      82.83
  29736.33,      82.77,      87.28,      87.34,      86.23,      86.45,      82.89
  29785.16,      83.28,      87.24,      87.54,      86.46,      85.99,      82.76
  29833.98,      83.41,      87.06,      87.49,      86.84,      86.03,      82.14
  29882.81,      83.54,      87.21,      87.40,      86.61,      86.13,      81.78
  29931.64,      83.56,      87.21,      87.39,      86.53,      86.13,      82.82
  29980.47,      83.10,      87.10,      87.38,      86.62,      85.99,      83.43
  30029.30,      82.87,      86.98,      87.28,      86.26,      86.41,      83.24
  30078.12,      83.17,      86.71,      87.50,      86.21,      86.75,      82.91
  30126.95,      83.26,      87.00,      87.29,      86.39,      86.56,      82.98
  30175.78,      83.50,      87.20,      87.41,      86.19,      86.32,      82.82
  30224.61,      83.75,      87.26,      87.52,      86.35,      86.27,      82.32
  30273.44,      83.41,      87.00,      87.09,      86.17,      86.49,      81.99
  30322.27,      83.14,      86.90,      87.22,      86.15,      86.37,      82.29
  30371.09,      82.78,      86.99,      87.34,      86.29,      86.06,      82.50
  30419.92,      82.80,      86.73,      87.02,      86.44,      86.01,      82.45
  30468.75,      83.09,      86.88,      87.10,      85.94,      86.15,      82.58
  30517.58,      83.25,      86.90,      87.15,      85.84,      86.30,      82.36
  30566.41,      82.88,      86.70,      87.19,      86.19,      86.10,      82.40
  30615.23,      82.87,      86.79,      87.19,      86.15,      86.21,      82.75
  30664.06,      83.21,      86.98,      87.30,      86.16,      86.20,      82.73
  30712.89,      83.30,      86.92,      87.44,      86.35,      86.01,      82.38
  30761.72,      83.29,      86.64,      87.24,      86.61,      85.95,      82.60
  30810.55,      83.09,      86.89,      87.12,      86.20,      85.96,      82.60
  30859.38,      83.17,      87.04,      86.92,      85.97,      85.93,      82.51
  30908.20,      83.40,      87.10,      86.90,      86.09,      85.80,      82.64
  30957.03,      83.38,      87.02,      87.13,      86.25,      85.99,      82.46
  31005.86,      83.05,      87.23,      86.86,      86.20,      86.04,      82.54
  31054.69,      82.82,      86.99,      86.90,      85.94,      86.25,      82.33
  31103.52,      83.05,      87.04,      87.08,      85.81,      86.00,      82.04
  31152.34,      82.82,      87.05,      86.93,      86.19,      85.97,      82.16
  31201.17,      82.43,      86.75,      86.72,      86.04,      86.35,      82.10
  31250.00,      82.67,      86.64,      86.90,      85.70,      86.11,      81.92
  31298.83,      82.71,      86.60,      86.99,      85.90,      85.81,      82.10
  31347.66,      82.84,      86.73,      86.92,      86.14,      86.20,      82.23
  31396.48,      82.93,      86.91,      86.93,      85.82,      85.86,      81.78
  31445.31,      82.90,      86.96,      87.07,      85.90,      85.94,      81.79
  31494.14,      82.86,      86.99,      86.91,      85.60,      85.79,      82.50
  31542.97,      83.07,      86.74,      87.21,      85.91,      85.87,      82.30
  31591.80,      82.80,      86.71,      87.18,      86.15,      86.01,      81.99
  31640.62,      82.91,      86.38,      87.13,      85.86,      85.84,      81.94
  31689.45,      82.74,      86.36,      87.22,      86.07,      85.86,      81.98
  31738.28,      82.63,      86.62,      87.20,      85.65,      85.74,      82.19
  31787.11,      82.50,      86.54,      87.12,      85.34,      85.97,      82.32
  31835.94,      82.69,      86.71,      87.14,      85.41,      86.15,      82.30
  31884.77,      82.62,      86.45,      87.08,      85.41,      85.91,      82.05
  31933.59,      82.70,      86.25,      86.90,      85.71,      85.75,      82.07
  31982.42,      82.39,      86.45,      86.81,      85.89,      85.90,      82.06
  32031.25,      82.30,      86.77,      86.68,      85.95,      85.91,      82.11
  32080.08,      82.35,      86.61,      87.14,      85.64,      86.04,      82.03
  32128.91,      82.59,      86.73,      86.61,      85.57,      86.08,      81.93
  32177.73,      82.71,      86.40,      86.49,      85.85,      86.00,      81.84
  32226.56,      82.48,      86.05,      86.66,      85.85,      85.95,      82.00
  32275.39,      82.56,      86.21,      86.63,      85.59,      85.89,      82.04
  32324.22,      82.34,      86.52,      86.42,      85.68,      85.72,      82.20
  32373.05,      82.45,      86.50,      87.06,      85.69,      85.68,      82.18
  32421.88,      82.64,      86.89,      87.23,      85.87,      85.58,      81.93
  32470.70,      82.71,      86.77,      86.94,      86.14,      85.62,      82.45
  32519.53,      82.89,      86.81,      87.05,      85.95,      85.79,      82.22
  32568.36,      82.94,      86.60,      86.99,      85.62,      85.85,      82.15
  32617.19,      82.69,      86.57,      86.77,      86.13,      85.61,      82.19
  32666.02,      82.43,      86.73,      86.79,      86.00,      85.43,      81.78
  32714.84,      82.53,      86.75,      86.49,      85.93,      85.89,      81.95
  32763.67,      82.47,      86.48,      86.46,      85.69,      85.88,      82.03
  32812.50,      82.12,      86.85,      86.57,      85.51,      85.77,      81.67
  32861.33,      82.12,      86.70,      86.36,      85.69,      85.58,      81.92
  32910.16,      82.11,      86.26,      86.36,      85.72,      85.60,      81.57
  32958.98,      82.23,      86.04,      86.61,      85.43,      85.61,      81.54
  33007.81,      81.89,      85.97,      86.40,      85.66,      85.37,      82.00
  33056.64,      82.27,      86.05,      86.27,      85.43,      85.55,      82.06
  33105.47,      82.35,      86.16,      86.21,      85.39,      85.60,      82.06
  33154.30,      82.30,      85.95,      86.00,      85.43,      85.81,      82.20
  33203.12,      82.37,      86.10,      86.66,      85.37,      85.97,      82.20
  33251.95,      82.34,      86.28,      86.54,      85.30,      85.85,      81.96
  33300.78,      82.60,      86.12,      86.36,      85.35,      85.79,      81.93
  33349.61,      82.53,      86.08,      86.43,      85.70,      85.58,      81.82
  33398.44,      82.29,      85.83,      86.76,      85.30,      85.73,      81.66
  33447.27,      82.26,      85.99,      86.61,      85.10,      85.62,      81.72
  33496.09,      82.66,      86.17,      86.25,      85.25,      85.68,      81.80
  33544.92,      82.70,      86.58,      86.66,      85.27,      85.65,      81.11
  33593.75,      82.18,      86.44,      86.61,      85.51,      85.82,      81.26
  33642.58,      82.01,      86.16,      86.48,      85.63,      85.84,      81.02
  33691.41,      82.24,      86.11,      86.45,      85.62,      85.71,      81.38
  33740.23,      82.22,      86.21,      86.35,      85.60,      85.82,      81.74
  33789.06,      81.85,      86.44,      86.15,      85.60,      85.97,      81.90
  33837.89,      81.80,      86.36,      86.16,      85.67,      85.66,      81.89
  33886.72,      81.93,      85.97,      86.45,      85.46,      85.56,      81.72
  33935.55,      81.66,      85.86,      86.54,      85.19,      85.68,      81.58
  33984.38,      81.94,      85.93,      86.39,      85.36,      85.75,      81.17
  34033.20,      82.17,      85.68,      86.46,      85.44,      85.36,      80.97
  34082.03,      81.88,      85.94,      86.51,      85.38,      85.26,      81.29
  34130.86,      82.05,      86.10,      86.52,      85.44,      85.26,      81.11
  34179.69,      82.01,      86.15,      86.36,      85.29,      85.44,      81.57
  34228.52,      82.09,      86.10,      86.10,      85.22,      85.37,      81.64
  34277.34,      82.16,      86.15,      85.98,      85.40,      85.22,      82.03
  34326.17,      81.93,      86.00,      86.11,      85.45,      85.48,      82.00
  34375.00,      81.81,      85.73,      86.23,      85.08,      85.38,      81.56
  34423.83,      82.18,      85.72,      86.18,      84.98,      85.17,      81.27
  34472.66,      82.31,      85.69,      86.07,      85.19,      85.36,      80.77
  34521.48,      82.22,      85.58,      86.00,      85.26,      85.35,      81.16
  34570.31,      81.78,      85.74,      85.91,      85.66,      84.95,      81.46
  34619.14,      82.03,      85.84,      85.96,      85.56,      85.23,      81.59
  34667.97,      81.82,      85.50,      86.30,      84.93,      85.26,      81.43
  34716.80,      81.20,      85.30,      86.25,      85.28,      85.28,      81.67
  34765.62,      81.59,      85.55,      86.35,      85.46,      84.97,      81.30
  34814.45,      81.80,      85.69,      86.10,      85.28,      84.94,      81.24
  34863.28,      81.83,      85.71,      85.94,      85.17,      85.12,      81.32
  34912.11,      81.55,      85.79,      86.00,      85.19,      85.21,      81.22
  34960.94,      81.50,      85.27,      85.98,      85.07,      85.11,      81.18
  35009.77,      81.57,      85.05,      86.11,      84.97,      85.13,      81.59
  35058.59,      81.61,      85.56,      86.27,      85.12,      85.21,      81.47
  35107.42,      81.50,      85.58,      86.07,      85.30,      85.10,      81.56
  35156.25,      81.72,      85.46,      85.90,      84.85,      85.06,      81.52
  35205.08,      81.80,      85.46,      85.99,      84.91,      84.92,      81.36
  35253.91,      81.78,      85.54,      85.98,      85.28,      84.92,      81.04
  35302.73,      81.78,      85.49,      85.69,      85.12,      84.94,      80.49
  35351.56,      81.50,      85.73,      85.62,      84.96,      84.94,      80.68
  35400.39,      81.48,      85.61,      85.91,      84.86,      84.94,      81.00
  35449.22,      81.56,      85.25,      85.88,      85.17,      85.01,      81.24
  35498.05,      81.49,      85.50,      85.48,      85.04,      84.93,      81.06
  35546.88,      81.36,      85.51,      85.96,      84.91,      84.96,      81.15
  35595.70,      81.47,      85.82,      85.92,      84.98,      84.80,      81.23
  35644.53,      81.57,      85.58,      85.77,      85.02,      84.98,      81.04
  35693.36,      81.37,      85.39,      85.84,      84.94,      84.86,      81.07
  35742.19,      81.51,      85.56,      85.85,      85.23,      84.65,      81.00
  35791.02,      81.55,      85.71,      86.08,      85.16,      84.83,      80.83
  35839.84,      81.65,      85.87,      86.23,      85.09,      85.01,      81.01
  35888.67,      81.43,      85.41,      86.10,      85.03,      85.01,      81.46
  35937.50,      81.23,      85.40,      85.85,      85.12,      84.89,      81.50
  35986.33,      81.27,      85.63,      85.81,      85.01,      84.73,      81.51
  36035.16,      81.82,      85.67,      85.61,      84.96,      84.87,      81.33
  36083.98,      81.53,      85.77,      85.58,      84.82,      84.85,      81.03
  36132.81,      81.11,      85.65,      85.53,      85.12,      84.61,      80.72
  36181.64,      81.31,      85.65,      85.56,      84.91,      84.61,      80.90
  36230.47,      81.08,      85.51,      85.93,      84.88,      84.84,      80.94
  36279.30,      81.10,      85.15,      85.60,      85.10,      84.68,      80.86
  36328.12,      81.36,      85.19,      85.69,      85.04,      84.83,      81.05
  36376.95,      81.42,      85.18,      85.92,      84.94,      84.73,      80.70
  36425.78,      81.55,      85.15,      85.94,      84.93,      84.71,      81.04
  36474.61,      81.22,      85.09,      85.79,      84.54,      84.90,      81.24
  36523.44,      81.13,      85.41,      85.83,      84.59,      84.92,      81.18
  36572.27,      81.09,      85.49,      85.77,      84.98,      84.72,      81.00
  36621.09,      81.14,      85.23,      85.62,      84.75,      84.56,      81.09
  36669.92,      80.92,      85.11,      85.49,      85.17,      84.39,      81.20
  36718.75,      80.92,      85.08,      85.58,      85.14,      84.50,      81.10
  36767.58,      81.24,      85.38,      85.55,      84.90,      84.49,      81.44
  36816.41,      80.98,      85.22,      85.57,      84.67,      84.43,      81.31
  36865.23,      81.14,      85.05,      85.34,      84.75,      84.37,      81.87
  36914.06,      80.96,      84.91,      85.24,      84.53,      84.23,      81.55
  36962.89,      81.02,      84.77,      85.66,      84.52,      84.22,      80.83
  37011.72,      81.24,      85.25,      85.62,      84.44,      84.49,      80.93
  37060.55,      81.23,      85.55,      85.40,      84.44,      84.42,      81.20
  37109.38,      81.11,      85.20,      85.18,      84.14,      84.88,      80.98
  37158.20,      81.33,      85.08,      85.24,      84.47,      85.03,      81.22
  37207.03,      81.44,      85.14,      85.47,      84.65,      84.75,      80.96
  37255.86,      81.11,      85.20,      85.30,      84.79,      84.27,      81.01
  37304.69,      80.94,      85.02,      85.20,      84.47,      84.22,      80.81
  37353.52,      80.94,      84.63,      85.55,      84.46,      84.44,      80.59
  37402.34,      80.91,      84.67,      85.50,      84.50,      84.29,      80.56
  37451.17,      80.86,      84.95,      85.38,      83.98,      84.23,      80.48
  37500.00,      80.89,      85.13,      85.49,      84.02,      84.45,      80.44
  37548.83,      80.96,      84.84,      85.37,      84.30,      84.18,      80.62
  37597.66,      80.91,      85.01,      85.09,      84.30,      84.10,      80.91
  37646.48,      80.98,      85.03,      85.17,      84.33,      84.09,      80.75
  37695.31,      80.73,      84.71,      85.25,      84.39,      83.92,      81.05
  37744.14,      80.71,      84.56,      85.13,      84.48,      83.82,      81.07
  37792.97,      80.92,      84.44,      85.21,      84.15,      83.77,      80.80
  37841.80,      80.80,      84.71,      85.07,      83.86,      83.79,      80.97
  37890.62,      80.73,      84.71,      84.98,      83.99,      83.82,      80.39
  37939.45,      80.49,      84.97,      85.01,      83.93,      83.87,      80.44
  37988.28,      80.61,      85.04,      85.06,      83.89,      83.82,      80.47
  38037.11,      80.68,      85.25,      85.20,      84.09,      84.14,      81.03
  38085.94,      80.81,      85.20,      85.09,      84.08,      84.15,      80.97
  38134.77,      80.64,      84.97,      85.08,      84.32,      83.73,      80.83
  38183.59,      80.83,      84.59,      84.86,      84.49,      83.80,      80.58
  38232.42,      80.71,      84.53,      84.68,      84.37,      83.80,      80.58
  38281.25,      80.71,      84.40,      84.80,      84.62,      83.79,      80.73
  38330.08,      80.90,      84.67,      84.92,      84.38,      83.71,      80.39
  38378.91,      80.89,      84.91,      85.15,      84.06,      83.45,      80.70
  38427.73,      81.02,      84.56,      85.34,      83.87,      83.52,      81.37
  38476.56,      80.79,      84.64,      85.14,      84.15,      83.79,      81.01
  38525.39,      80.57,      84.48,      84.95,      84.44,      83.91,      80.99
  38574.22,      80.62,      84.40,      84.54,      84.09,      83.67,      80.85
  38623.05,      80.68,      84.58,      84.82,      84.25,      83.32,      80.58
  38671.88,      80.59,      84.54,      84.90,      84.46,      83.21,      80.56
  38720.70,      80.40,      84.71,      84.74,      84.09,      83.43,      80.93
  38769.53,      80.17,      84.64,      84.72,      83.99,      83.43,      80.78
  38818.36,      80.54,      84.40,      84.40,      83.97,      83.59,      80.67
  38867.19,      80.51,      84.25,      84.31,      84.09,      83.31,      80.61
  38916.02,      80.12,      84.33,      84.30,      84.10,      83.35,      80.80
  38964.84,      80.03,      84.55,      84.40,      83.98,      83.13,      80.46
  39013.67,      80.06,      84.71,      84.40,      84.16,      83.63,      80.19
  39062.50,      79.82,      84.59,      84.17,      84.07,      83.72,      79.75
  39111.33,      80.01,      84.19,      84.58,      83.98,      83.51,      80.13
  39160.16,      80.54,      84.25,      84.98,      84.08,      83.37,      80.69
  39208.98,      80.59,      84.31,      84.75,      84.02,      83.42,      80.74
  39257.81,      80.60,      84.58,      84.93,      83.71,      83.55,      80.43
  39306.64,      80.55,      84.58,      84.69,      83.66,      83.40,      80.19
  39355.47,      80.53,      84.01,      84.29,      83.59,      83.07,      80.23
  39404.30,      80.25,      84.35,      84.70,      83.86,      83.02,      80.34
  39453.12,      80.22,      84.60,      84.76,      83.82,      83.09,      79.96
  39501.95,      80.41,      84.05,      84.69,      83.80,      83.29,      80.28
  39550.78,      80.18,      84.01,      84.57,      83.67,      83.50,      80.00
  39599.61,      79.94,      84.13,      84.46,      83.49,      83.09,      80.10
  39648.44,      79.93,      83.94,      84.60,      83.85,      83.02,      80.11
  39697.27,      79.80,      83.70,      84.40,      83.87,      83.15,      80.13
  39746.09,      79.98,      84.05,      84.30,      83.58,      83.06,      80.12
  39794.92,      79.67,      84.16,      84.26,      83.70,      82.86,      79.98
  39843.75,      79.59,      84.40,      84.36,      83.76,      82.86,      80.08
  39892.58,      79.53,      84.30,      84.40,      83.48,      82.91,      79.90
  39941.41,      79.71,      83.88,      84.49,      83.16,      82.70,      80.01
  39990.23,      79.87,      83.89,      84.61,      83.64,      82.91,      79.93
